case,trial,total_ms,allocated_bytes
plain,1,467.402,425864720
plain,2,281.721,425855952
plain,3,199.254,425808480
plain,4,199.407,425808480
plain,5,212.393,425808480
timeout,1,216.149,439792728
timeout,2,216.738,439792728
timeout,3,216.868,439792976
timeout,4,220.780,439793472
timeout,5,222.795,439793720
combined,1,235.874,447873720
combined,2,233.735,447873720
combined,3,230.158,447873720
combined,4,232.406,447873720
combined,5,234.249,447873720
join-warning,1,383.816,580501872
join-warning,2,356.942,580482216
join-warning,3,366.498,580482216
join-warning,4,388.755,580482216
join-warning,5,352.710,580482216
join-eliminated,1,388.555,637122216
join-eliminated,2,405.026,637122216
join-eliminated,3,403.058,637122216
join-eliminated,4,395.515,637122216
join-eliminated,5,411.626,637122216
