case,iterations,elapsed_ms,allocated_bytes
literal-executor-1,500,11.479,22488200
literal-handler-1,500,69.124,130424688
constant-executor-1,500,12.506,25980192
constant-handler-1,500,73.926,136052688
scan-executor-1,500,9804.453,15024840192
scan-handler-1,500,20257.143,28093721232
literal-executor-2,500,11.407,22480192
literal-handler-2,500,73.150,130424688
constant-executor-2,500,12.932,25980192
constant-handler-2,500,73.629,136052688
scan-executor-2,500,9904.499,15024840192
scan-handler-2,500,20191.587,28093721232
literal-executor-3,500,11.406,22480192
literal-handler-3,500,70.769,130424688
constant-executor-3,500,13.102,25980192
constant-handler-3,500,73.430,136052688
scan-executor-3,500,9886.697,15024840192
scan-handler-3,500,20338.777,28093721496
literal-executor-4,500,11.756,22480192
literal-handler-4,500,71.402,130424688
constant-executor-4,500,13.149,25980192
constant-handler-4,500,74.426,136052688
scan-executor-4,500,9935.997,15024840192
scan-handler-4,500,20272.620,28093721504
literal-executor-5,500,11.540,22480192
literal-handler-5,500,70.419,130424688
constant-executor-5,500,12.860,25980192
constant-handler-5,500,75.752,136052688
scan-executor-5,500,9993.309,15024840192
scan-handler-5,500,20464.494,28093721488
