mode,rows,sample,milliseconds,allocated_bytes
ignore_reference,5000,1,156.588,329673544
ignore_reference,5000,2,124.786,329672872
ignore_reference,5000,3,130.667,329674432
ignore_reference,5000,4,124.325,329672872
ignore_reference,5000,5,128.085,329672872
plain_reference,5000,1,124.080,330093600
plain_reference,5000,2,196.951,330093600
plain_reference,5000,3,163.206,330093600
plain_reference,5000,4,130.565,330093600
plain_reference,5000,5,148.815,330093600
ignore_payload,5000,1,116.273,320112976
ignore_payload,5000,2,116.356,320112976
ignore_payload,5000,3,115.703,320112976
ignore_payload,5000,4,116.874,320112976
ignore_payload,5000,5,115.643,320112976
plain_payload,5000,1,119.465,320538032
plain_payload,5000,2,114.193,320533728
plain_payload,5000,3,117.628,320533728
plain_payload,5000,4,116.529,320533728
plain_payload,5000,5,114.203,320533728
ignore_reference,1000,1,25.137,65968208
ignore_reference,1000,2,24.514,65968208
ignore_reference,1000,3,25.320,65968208
ignore_reference,1000,4,23.753,65968208
ignore_reference,1000,5,24.702,65968208
plain_reference,1000,1,24.154,66068960
plain_reference,1000,2,25.305,66068960
plain_reference,1000,3,23.941,66068960
plain_reference,1000,4,25.633,66068960
plain_reference,1000,5,27.691,66068960
ignore_payload,1000,1,24.140,64056336
ignore_payload,1000,2,22.374,64056336
ignore_payload,1000,3,23.667,64056336
ignore_payload,1000,4,22.635,64056336
ignore_payload,1000,5,22.351,64056336
plain_payload,1000,1,24.098,64157088
plain_payload,1000,2,24.332,64157088
plain_payload,1000,3,25.760,64157088
plain_payload,1000,4,24.277,64157088
plain_payload,1000,5,24.456,64157088
ignore_reference,100,1,2.629,6726512
ignore_reference,100,2,2.566,6726512
ignore_reference,100,3,3.964,6726512
ignore_reference,100,4,2.639,6726512
ignore_reference,100,5,2.598,6726512
plain_reference,100,1,2.543,6755264
plain_reference,100,2,2.562,6755264
plain_reference,100,3,2.694,6755264
plain_reference,100,4,2.502,6755264
plain_reference,100,5,2.491,6755264
ignore_payload,100,1,2.235,6535440
ignore_payload,100,2,2.274,6535440
ignore_payload,100,3,2.300,6535440
ignore_payload,100,4,3.685,6535440
ignore_payload,100,5,2.408,6535440
plain_payload,100,1,3.815,6564192
plain_payload,100,2,2.401,6564192
plain_payload,100,3,2.380,6564192
plain_payload,100,4,2.452,6564192
plain_payload,100,5,2.345,6564192
